rsID,Risk_allele,Freq,Beta
rs7087507,G,0.35,0.4824261
rs4245595,C,0.34,0.48858
rs3731217,G,NA,-0.3566749
rs2191566,C,NA,-0.01005034
rs1030137,C,NA,0.1906204
rs4948492,C,0.34,0.48858
rs2167364,G,NA,0.2776317
rs13034020,T,0.18,0.24686008
rs334,A,NA,0.25
rs965506592,G,NA,0.25
rs312,C,NA,0.25
