rsID,Risk_allele,Freq,Beta,P
rs7087507,G,0.35,0.4824261,6.96e-09
rs4245595,C,0.34,0.48858,2.13e-09
rs3731217,G,NA,-0.3566749,7.24e-14
rs2191566,C,NA,-0.01005034,8.80e-01
rs1030137,C,NA,0.1906204,1.35e-07
rs4948492,C,0.34,0.48858,2.84e-09
rs2167364,G,NA,0.2776317,1.73e-08
rs13034020,T,0.18,0.24686008,3.20000e-06
rs334,A,NA,0.25,6.96e-09
rs965506592,G,NA,0.25,6.96e-09